period,Var(util)CloudDistrue,Var(util)FFDistrue,
0,1.5921310227750342E-4,0.18540699290919174,
1,2.6136071774997315E-4,0.19353907659671216,
