nodenum,AVG(dlV)CloudDistrue,AVG(dlV)FFDistrue,FDistruelevel1per0,FDistruelevel1per1,
1000,0.0,0.3071786310517529,0.05500018585748448,0.05590918015814933,
