nodenum,AVG(SD)CloudDistrue,AVG(SD)FFDistrue,FDistruelevel1per0,FDistruelevel1per1,
1000,0.0,0.032492224765732554,0.002728128015946544,0.011465816406134617,
